Date,Actual Closing Price,Change,Changeper,Predicted Closing Price
2017-06-12 00:00:00,0.039988,-0.0024598652143478367,-5.660700919422818,0.04345513478565216
2017-06-13 00:00:00,0.04186,0.004912969709396357,10.941789768001886,0.04490096970939636
2017-06-14 00:00:00,0.039827999999999995,-0.001420232908725734,-3.511971039596267,0.04043976709127427
2017-06-15 00:00:00,0.037439,0.0014001067456007044,3.3960005833886724,0.0412281067456007
2017-06-16 00:00:00,0.037536,0.002596253514707089,6.484918382628317,0.04003525351470709
2017-06-17 00:00:00,0.039251,0.001195913214325904,3.087668837085919,0.038731913214325904
2017-06-18 00:00:00,0.038332,-0.0004835680085420596,-1.2473563083791817,0.03876743199145794
2017-06-19 00:00:00,0.040251999999999996,0.0020499180631637567,5.076326636979844,0.040381918063163755
2017-06-20 00:00:00,0.039366000000000005,-0.0007457042412757839,-1.8875579877951716,0.03950629575872421
2017-06-21 00:00:00,0.038124,0.0007338384922742774,1.8300285484083938,0.04009983849227428
2017-06-22 00:00:00,0.03872,0.0018721600613594083,4.680849507770913,0.039996160061359406
2017-06-23 00:00:00,0.041397,-0.00031698407125472366,-0.825414524325044,0.038403015928745274
2017-06-24 00:00:00,0.03821,-0.0025042961103916156,-6.4389869048439445,0.03889270388960839
2017-06-25 00:00:00,0.033373,0.0025436490120887695,6.2415245597621105,0.04075364901208877
2017-06-26 00:00:00,0.030218000000000002,0.005134442683696748,13.333637151320268,0.03850744268369675
2017-06-27 00:00:00,0.029113,0.004001059076309203,11.69248712358443,0.034219059076309205
2017-06-28 00:00:00,0.031998,0.0026799778786301617,8.429464798362046,0.03179297787863016
2017-06-29 00:00:00,0.029039,-0.001495646019697188,-4.903379000397858,0.03050235398030281
2017-06-30 00:00:00,0.026987999999999998,0.003544611681699752,10.878510695272453,0.03258361168169975
2017-07-01 00:00:00,0.024465999999999998,0.003910927528738981,12.657162696347443,0.03089892752873898
2017-07-02 00:00:00,0.025706,0.004684493547439574,16.070031678249357,0.029150493547439572
2017-07-03 00:00:00,0.026266,0.0017188542022705047,6.2675053423919405,0.027424854202270504
2017-07-04 00:00:00,0.02575,0.002142709805250168,7.542439695216912,0.02840870980525017
2017-07-05 00:00:00,0.025441,0.0024325014054775267,8.631247349125468,0.028182501405477525
2017-07-06 00:00:00,0.025418,0.0013808771178126338,5.148323928811014,0.026821877117812632
2017-07-07 00:00:00,0.020415,0.000618903526067735,2.3770243087781107,0.026036903526067735
2017-07-08 00:00:00,0.021597,0.005377297049283983,20.848461224717717,0.025792297049283982
2017-07-09 00:00:00,0.019499000000000002,0.0014960866974592195,6.478504658382563,0.02309308669745922
2017-07-10 00:00:00,0.015137000000000001,0.0030631488076448415,13.576494126334898,0.022562148807644844
2017-07-11 00:00:00,0.014518000000000001,0.005817772497177121,27.763472488001717,0.020954772497177122
2017-07-12 00:00:00,0.017907,0.0028521522057056384,16.419845790233094,0.01737015220570564
2017-07-13 00:00:00,0.017351,-0.0010432016251087188,-6.186041850820244,0.01686379837489128
2017-07-14 00:00:00,0.016321000000000002,0.0014728673048019433,7.82446710313463,0.01882386730480194
2017-07-15 00:00:00,0.017618,0.0021656105020046203,11.71448114715128,0.018486610502004622
2017-07-16 00:00:00,0.015653999999999998,0.001050640524387355,5.627836279855914,0.018668640524387357
2017-07-17 00:00:00,0.018614,0.002963131002545357,15.916152720525167,0.018617131002545355
2017-07-18 00:00:00,0.018666,-0.002160304706037043,-13.129601997854445,0.016453695293962955
2017-07-19 00:00:00,0.017256,-9.492125612496974e-05,-0.5111240840345688,0.01857107874387503
2017-07-20 00:00:00,0.018859,0.0013113370599746738,7.062601684554448,0.018567337059974674
2017-07-21 00:00:00,0.019201,-0.0015406038603782632,-8.895765219584085,0.017318396139621738
2017-07-22 00:00:00,0.022877,-0.000643984657526013,-3.470302985911948,0.018557015342473986
2017-07-23 00:00:00,0.021769,-0.003877459719777109,-20.408176527372383,0.018999540280222892
2017-07-24 00:00:00,0.022605,0.0004625334233045557,2.0805286549406334,0.022231533423304556
2017-07-25 00:00:00,0.018550999999999998,-0.0006930773770809154,-3.163014898363968,0.021911922622919085
2017-07-26 00:00:00,0.018878,0.0039011333992481287,17.37533502886977,0.022452133399248127
2017-07-27 00:00:00,0.018322,-1.4737119674684135e-05,-0.07812603666810575,0.018863262880325315
2017-07-28 00:00:00,0.016961,0.0004441253583431226,2.3666332280236606,0.018766125358343124
2017-07-29 00:00:00,0.017447,0.001389755935072897,7.573289841519417,0.018350755935072897
2017-07-30 00:00:00,0.015984,-0.0003916718292236339,-2.2964778238318986,0.017055328170776367
2017-07-31 00:00:00,0.016094999999999998,0.0015025518934726721,8.592613927698006,0.017486551893472674
2017-08-01 00:00:00,0.017933,0.0004529061977863319,2.7369396005333817,0.01654790619778633
2017-08-02 00:00:00,0.018413,-0.0007908465760946282,-4.613461077718293,0.017142153423905373
2017-08-03 00:00:00,0.01886,-0.0003761371619701373,-2.0853801758533645,0.01803686283802986
2017-08-04 00:00:00,0.022241,-0.0001159171676635741,-0.6184200566143421,0.018744082832336424
2017-08-05 00:00:00,0.023984000000000002,-0.003505613594293598,-18.711189181696632,0.018735386405706402
2017-08-06 00:00:00,0.022701,-0.0025121847174167655,-11.69991770306683,0.021471815282583236
2017-08-07 00:00:00,0.022195,0.0007004915037155182,2.9933626393185206,0.023401491503715517
2017-08-08 00:00:00,0.023737,0.0004761493618488308,2.100243592634515,0.02267114936184883
2017-08-09 00:00:00,0.022996,-0.001909050955653191,-8.745901650103097,0.02182794904434681
2017-08-10 00:00:00,0.022007,0.00041279776573181423,1.7634300140612507,0.023408797765731813
2017-08-11 00:00:00,0.021480000000000003,0.0009932119666337946,4.318273101459407,0.023000211966633793
2017-08-12 00:00:00,0.020218,0.00043564815080165617,1.9878405959246999,0.02191564815080166
2017-08-13 00:00:00,0.01825,0.0011150883827209454,5.227036811154488,0.021333088382720945
2017-08-14 00:00:00,0.017622,0.0017928463792800907,8.945068706077102,0.02004284637928009
2017-08-15 00:00:00,0.017433,0.0013050726845860484,6.895269576731124,0.018927072684586047
2017-08-16 00:00:00,0.017702000000000002,0.0012545927076339745,6.713506267297163,0.018687592707633975
2017-08-17 00:00:00,0.017327000000000002,0.00043079546952247416,2.3757807793428944,0.018132795469522477
2017-08-18 00:00:00,0.016842,0.0009269704355597472,5.078185257460246,0.01825397043555975
2017-08-19 00:00:00,0.016513,0.0014997527883648873,8.17671465573485,0.018341752788364887
2017-08-20 00:00:00,0.017631,0.0013409772045612327,7.510803834893704,0.017853977204561233
2017-08-21 00:00:00,0.019753,-0.00026825278234482094,-1.5449904268147734,0.01736274721765518
2017-08-22 00:00:00,0.021624,-0.0018802133684158312,-10.519978821283434,0.01787278663158417
2017-08-23 00:00:00,0.020222,-0.0022882801315784462,-11.834470850581509,0.019335719868421555
2017-08-24 00:00:00,0.019024,0.0009166929452419266,4.336563985372916,0.021138692945241927
2017-08-25 00:00:00,0.020497,0.0011118519692420968,5.521752796655797,0.020135851969242096
2017-08-26 00:00:00,0.021208,-0.0014698938848972318,-7.725262454549004,0.01902710611510277
2017-08-27 00:00:00,0.019785,-0.0011443069498538946,-5.703371492944374,0.020063693050146107
2017-08-28 00:00:00,0.020525,0.0011185722856521634,5.351105879734877,0.020903572285652164
2017-08-29 00:00:00,0.020104,-0.0007947501330375709,-4.028079413065875,0.01973024986696243
2017-08-30 00:00:00,0.021224,9.411241602897552e-05,0.46594658991148624,0.020198112416028976
2017-08-31 00:00:00,0.022405,-0.0012614125018119808,-6.3188827697134835,0.01996258749818802
2017-09-01 00:00:00,0.023954,-0.0015015088213682186,-7.183052862017178,0.020903491178631783
2017-09-02 00:00:00,0.020837,-0.001852919633865354,-8.38384188994024,0.022101080366134646
2017-09-03 00:00:00,0.021296000000000002,0.0027261419658660864,11.56951806263874,0.023563141965866088
2017-09-04 00:00:00,0.017625,-0.00020668263435364223,-0.9800347292905736,0.02108931736564636
2017-09-05 00:00:00,0.018567,0.0035307568153142947,16.689342981851823,0.021155756815314293
2017-09-06 00:00:00,0.020346,-8.972396278381436e-05,-0.48559085550865816,0.018477276037216186
2017-09-07 00:00:00,0.020096,-0.0018511512461900706,-10.009009918552238,0.01849484875380993
2017-09-08 00:00:00,0.017447,-0.0001225412569045986,-0.6135204647365331,0.0199734587430954
2017-09-09 00:00:00,0.017095,0.002596598904609681,12.95475386913928,0.02004359890460968
2017-09-10 00:00:00,0.016269,0.0011469784708023067,6.287577154189357,0.018241978470802306
2017-09-11 00:00:00,0.016993,0.0017025366628766088,9.47351745604203,0.017971536662876608
2017-09-12 00:00:00,0.016324,0.000642309704899785,3.6421798973075363,0.017635309704899786
2017-09-13 00:00:00,0.015328,0.0010083901436328882,5.817952026676042,0.01733239014363289
2017-09-14 00:00:00,0.011038,0.0017485242652893074,10.239345185972388,0.017076524265289307
2017-09-15 00:00:00,0.012097,0.004671199666976929,29.735440162470432,0.01570919966697693
2017-09-16 00:00:00,0.011699,0.0009121396532654757,7.0115294137573185,0.013009139653265476
2017-09-17 00:00:00,0.011211,0.0017977844015359887,13.32009423912405,0.013496784401535988
2017-09-18 00:00:00,0.013455000000000002,0.002365807136535643,17.425357175246138,0.013576807136535644
2017-09-19 00:00:00,0.011795,-0.0010376920530796065,-8.356819831765254,0.012417307946920395
2017-09-20 00:00:00,0.012236,0.0017525147497653958,12.936060835776129,0.013547514749765396
2017-09-21 00:00:00,0.0106,0.00040849926304817145,3.2306480039265373,0.012644499263048172
2017-09-22 00:00:00,0.010776,0.0023435777959227577,18.10610507290332,0.012943577795922758
2017-09-23 00:00:00,0.011895999999999999,0.0010421319446563722,8.818076744587179,0.011818131944656373
2017-09-24 00:00:00,0.011563,-0.0003733734588623038,-3.240350258070922,0.011522626541137695
2017-09-25 00:00:00,0.012073,5.75702049732188e-05,0.4954163518463204,0.01162057020497322
2017-09-26 00:00:00,0.012388,-0.0004528306770324713,-3.8969369933142124,0.011620169322967529
2017-09-27 00:00:00,0.014378,-0.0004477067861557004,-3.7495459963797377,0.0119402932138443
2017-09-28 00:00:00,0.013863,-0.0021509117114543903,-17.591364850692816,0.01222708828854561
2017-09-29 00:00:00,0.013203999999999999,6.424942266941222e-05,0.4613216918829163,0.013927249422669413
2017-09-30 00:00:00,0.013858,0.0006092976877689373,4.410950241870508,0.013813297687768936
2017-10-01 00:00:00,0.013687999999999999,-0.0006486389870643625,-4.910449388347889,0.013209361012935638
2017-10-02 00:00:00,0.012962000000000001,8.480631828310103e-06,0.06191832819156877,0.013696480631828309
2017-10-03 00:00:00,0.012404,0.0006528334331512443,4.795015938730743,0.013614833433151246
2017-10-04 00:00:00,0.011851,0.0005353417081832863,4.1373179583372295,0.012939341708183286
2017-10-05 00:00:00,0.014575999999999999,0.0004281482896804807,3.4867914254305474,0.012279148289680481
2017-10-06 00:00:00,0.018403,-0.002674021050631999,-22.46702890340762,0.011901978949368
2017-10-07 00:00:00,0.020959000000000002,-0.0044674850020408625,-32.05826984288078,0.013935514997959137
2017-10-08 00:00:00,0.018598,-0.003415940486431124,-19.471748834854182,0.017543059513568878
2017-10-09 00:00:00,0.017601,0.0013179324278831499,6.617477904464009,0.01991593242788315
2017-10-10 00:00:00,0.018953,-0.0004318592348098761,-2.5153223490686076,0.017169140765190122
2017-10-11 00:00:00,0.01945,-0.0023160165407657626,-13.92089224853003,0.01663698345923424
2017-10-12 00:00:00,0.017784,-0.0013107281942367557,-7.2259140734652245,0.018139271805763243
2017-10-13 00:00:00,0.01796,0.0010141285216808335,5.394837685630182,0.018798128521680835
2017-10-14 00:00:00,0.017522,-0.0006164443383216874,-3.5543134888064523,0.017343555661678313
2017-10-15 00:00:00,0.018925,-0.0002312258100509619,-1.3372785250146362,0.017290774189949037
2017-10-16 00:00:00,0.036864999999999995,-0.0015424215564727797,-8.873376072967666,0.01738257844352722
2017-10-17 00:00:00,0.045842,-0.01824535921132564,-97.98985607941279,0.018619640788674355
2017-10-18 00:00:00,0.035133,-0.01177581966257095,-34.567478789609616,0.03406618033742905
2017-10-19 00:00:00,0.031195,0.013453808531761174,27.690249551926065,0.04858680853176117
2017-10-20 00:00:00,0.026757,0.0056243953590393025,15.275632052601026,0.0368193953590393
2017-10-21 00:00:00,0.036429,0.0031629410254955317,10.57134779376841,0.02991994102549553
2017-10-22 00:00:00,0.031269,-0.010396920476198203,-39.93887797819621,0.0260320795238018
2017-10-23 00:00:00,0.033832,0.005382231679916388,14.684995382749078,0.036651231679916386
2017-10-24 00:00:00,0.036649,-0.0019963599367141746,-6.27083335766338,0.031835640063285826
2017-10-25 00:00:00,0.035004,-0.002876746407747273,-8.518076532527257,0.03377225359225273
2017-10-26 00:00:00,0.034546,0.002766783814787864,7.325195654808264,0.037770783814787864
2017-10-27 00:00:00,0.034236,0.0007904834398031191,2.237017843469722,0.03533648343980312
2017-10-28 00:00:00,0.031038,0.001992077893376347,5.498712626265393,0.03622807789337635
2017-10-29 00:00:00,0.030331,0.0032903438292145697,9.584918647937734,0.03432834382921457
2017-10-30 00:00:00,0.031804,0.0011210983791351305,3.5644629036225166,0.03145209837913513
2017-10-31 00:00:00,0.029182,-0.0016701815298795705,-5.5425485871817415,0.03013381847012043
2017-11-01 00:00:00,0.027353,0.002842322245657447,8.875511006459694,0.03202432224565745
2017-11-02 00:00:00,0.027607,0.0023125343213677395,7.795357050764625,0.02966553432136774
2017-11-03 00:00:00,0.027779,0.0008444745354652429,2.9681222124800284,0.028451474535465242
2017-11-04 00:00:00,0.027294,0.0010282329280376437,3.5693568021831075,0.028807232928037645
2017-11-05 00:00:00,0.026764999999999997,0.0013721063432693484,4.786511034455546,0.028666106343269347
2017-11-06 00:00:00,0.02888,0.0015603476673364675,5.508662014185235,0.028325347667336465
2017-11-07 00:00:00,0.030699,-0.001014017890453335,-3.6389095724924783,0.027865982109546664
2017-11-08 00:00:00,0.033763,-0.0020662503050565724,-7.216387972062195,0.028632749694943428
2017-11-09 00:00:00,0.039945999999999995,-0.0035758629422187813,-11.845651130725711,0.03018713705778122
2017-11-10 00:00:00,0.033073000000000005,-0.00707991135025024,-21.541691272423883,0.032866088649749756
2017-11-11 00:00:00,0.033053,0.005729616404056545,14.766056866870327,0.03880261640405655
2017-11-12 00:00:00,0.028182,0.00032884509229660214,0.985101606539084,0.0333818450922966
2017-11-13 00:00:00,0.030656,0.004581500614643096,13.983550379825626,0.032763500614643094
2017-11-14 00:00:00,0.036374000000000004,-0.002089849607586857,-7.315825124766893,0.028566150392413142
2017-11-15 00:00:00,0.037052999999999996,-0.00647357938575745,-21.65046261146531,0.029900420614242553
2017-11-16 00:00:00,0.037233999999999996,-0.0018522247509956333,-5.261886245099169,0.03520077524900436
2017-11-17 00:00:00,0.035572,-0.0005848308982849063,-1.595754863259745,0.03664916910171509
2017-11-18 00:00:00,0.036583,0.0014300894230604155,3.864888295116535,0.037002089423060415
2017-11-19 00:00:00,0.036566,-0.0009072561912536609,-2.543061739980418,0.03567574380874634
2017-11-20 00:00:00,0.038120999999999995,0.00019991123950480888,0.5437407445242514,0.03676591123950481
2017-11-21 00:00:00,0.037668,-0.00182267393434047,-5.021371869996046,0.036298326065659525
2017-11-22 00:00:00,0.042299,-0.00012135109961033258,-0.3232008798768541,0.03754664890038967
2017-11-23 00:00:00,0.040535,-0.0046292807004451805,-12.289129801134168,0.03766971929955482
2017-11-24 00:00:00,0.040193,0.0010796598815917963,2.5944219769278534,0.0416146598815918
2017-11-25 00:00:00,0.043639,0.0002168988478183781,0.5367468219487708,0.04040989884781838
2017-11-26 00:00:00,0.048895999999999995,-0.003623604741692543,-9.055526549972686,0.040015395258307454
2017-11-27 00:00:00,0.05984299999999999,-0.006117301377058029,-14.299877214538165,0.042778698622941966
2017-11-28 00:00:00,0.081415,-0.011780870482921597,-24.511753019048776,0.048062129517078396
2017-11-29 00:00:00,0.064424,-0.022283145769357686,-37.68382720156691,0.059131854230642315
2017-11-30 00:00:00,0.072871,0.02235831723022462,25.763678527862176,0.08678231723022461
2017-12-01 00:00:00,0.089883,-0.011136565610528004,-18.03947135932163,0.061734434389472
2017-12-02 00:00:00,0.093816,-0.019677685106277473,-28.02876838607695,0.07020531489372253
2017-12-03 00:00:00,0.089035,-0.002336429318904862,-2.5540449102563407,0.09147957068109513
2017-12-04 00:00:00,0.09761,0.013559254859685899,13.216388069907378,0.1025942548596859
2017-12-05 00:00:00,0.12352300000000001,-0.005212702868461608,-5.641618348468261,0.0923972971315384
2017-12-06 00:00:00,0.151622,-0.02254865337514879,-22.331071335300173,0.10097434662485122
2017-12-07 00:00:00,0.133046,-0.013794376220703147,-10.008426353480532,0.13782762377929686
2017-12-08 00:00:00,0.13726,0.03928632360935211,22.79683972602115,0.1723323236093521
2017-12-09 00:00:00,0.135122,0.0009369343137741182,0.6779704039214232,0.1381969343137741
2017-12-10 00:00:00,0.11926300000000001,0.01029883278846741,7.0820889902675335,0.1454208327884674
2017-12-11 00:00:00,0.144956,0.01971357267665863,14.184817122036828,0.13897657267665864
2017-12-12 00:00:00,0.156444,-0.02507151557934284,-20.913061185941753,0.11988448442065716
2017-12-13 00:00:00,0.149342,-0.014216983803749084,-9.995979796223722,0.14222701619625092
2017-12-14 00:00:00,0.188907,0.011331325227499023,7.0523997754169105,0.16067332522749903
2017-12-15 00:00:00,0.19586199999999998,-0.03904384038281439,-26.05299426660228,0.1498631596171856
2017-12-16 00:00:00,0.232125,-0.010657722285270649,-5.754576739143557,0.18520427771472933
2017-12-17 00:00:00,0.266621,-0.03785989089202879,-19.488775450143507,0.1942651091079712
2017-12-18 00:00:00,0.276283,-0.030078614350318916,-12.715951210057252,0.23654238564968108
2017-12-19 00:00:00,0.26431,0.00441973193359374,1.5745240180417348,0.28070273193359374
2017-12-20 00:00:00,0.252386,0.02921044409227369,9.951757937205505,0.2935204440922737
2017-12-21 00:00:00,0.2572,0.031606192359209084,11.129246933391682,0.2839921923592091
2017-12-22 00:00:00,0.21671700000000002,0.0015404416861534154,0.5953617749566719,0.2587404416861534
2017-12-23 00:00:00,0.234179,0.04347132061386108,16.70763718805648,0.2601883206138611
2017-12-24 00:00:00,0.22445,-0.01587661785888672,-7.272764366182631,0.21830238214111328
2017-12-25 00:00:00,0.22851100000000002,0.004902101909875861,2.1373695157161223,0.22935210190987587
2017-12-26 00:00:00,0.226018,-0.004802351493120222,-2.1466990772028796,0.2237086485068798
2017-12-27 00:00:00,0.22922399999999998,0.001734121262252336,0.7614072934387854,0.22775212126225233
2017-12-28 00:00:00,0.223544,0.0012894613559842338,0.5593865748225896,0.23051346135598422
2017-12-29 00:00:00,0.322941,0.010493687900066384,4.483759856894146,0.23403768790006638
2017-12-30 00:00:00,0.323202,-0.09425331272161006,-41.21486112493325,0.22868768727838992
2017-12-31 00:00:00,0.360756,-0.02076451555919645,-6.865721554849367,0.30243748444080354
2018-01-01 00:00:00,0.480008,-0.04126923823928835,-12.917354700974457,0.31948676176071167
2018-01-02 00:00:00,0.564766,-0.11459273285555838,-31.359590898062308,0.3654152671444416
2018-01-03 00:00:00,0.896227,-0.06787004734182356,-13.65880462071555,0.49689595265817643
2018-01-04 00:00:00,0.72405,-0.27356300915670395,-43.9342909144638,0.622663990843296
2018-01-05 00:00:00,0.662712,0.33748743193817143,31.79232514881568,1.0615374319381714
2018-01-06 00:00:00,0.7099449999999999,0.11443271673631672,14.724762875167748,0.7771447167363167
2018-01-07 00:00:00,0.699645,-0.0026399719200134175,-0.3732437654486563,0.7073050280799865
2018-01-08 00:00:00,0.629323,0.09049394653129583,11.452915582577418,0.7901389465312958
2018-01-09 00:00:00,0.585653,0.1298465608825683,17.103762792019207,0.7591695608825683
2018-01-10 00:00:00,0.56693,0.07927674558973308,11.922574695379542,0.6649297455897331
2018-01-11 00:00:00,0.558126,0.025642408379554782,4.327303805736816,0.5925724083795548
2018-01-12 00:00:00,0.67796,0.0053184873256683085,0.943923926013007,0.5634444873256683
2018-01-13 00:00:00,0.671564,-0.12038630020213126,-21.591100915587237,0.5575736997978687
2018-01-14 00:00:00,0.6308560000000001,0.014947567058145927,2.177321952811307,0.686511567058146
2018-01-15 00:00:00,0.599271,0.04267575234794607,6.336115884541075,0.6735317523479462
2018-01-16 00:00:00,0.441197,0.04053998742771148,6.336244332204728,0.6398109874277115
2018-01-17 00:00:00,0.477187,0.1748111337103247,28.378056091143904,0.6160081337103247
2018-01-18 00:00:00,0.509523,0.029180106265723704,5.762638588615392,0.5063671062657237
2018-01-19 00:00:00,0.506232,-0.014038177673578234,-2.8332205228135092,0.4954848223264217
2018-01-20 00:00:00,0.5346770000000001,0.003530954972743916,0.6926660594496729,0.5097629549727439
2018-01-21 00:00:00,0.464117,-0.022857381061434756,-4.465905607299194,0.5118196189385653
2018-01-22 00:00:00,0.486338,0.06700469212663174,12.615694881213074,0.5311216921266317
2018-01-23 00:00:00,0.48618500000000003,0.02205376708221435,4.3379473292390935,0.5083917670822143
2018-01-24 00:00:00,0.567014,0.022351122313499505,4.3951887255947195,0.5085361223134995
2018-01-25 00:00:00,0.6082529999999999,-0.058722451250076246,-11.55290726247493,0.5082915487499238
2018-01-26 00:00:00,0.633916,-0.055313442373216115,-10.003524184563927,0.5529395576267838
2018-01-27 00:00:00,0.613061,-0.03142826837968826,-5.216416323559993,0.6024877316203118
2018-01-28 00:00:00,0.634421,0.015860126291990295,2.5217989393199183,0.6289211262919903
2018-01-29 00:00:00,0.589283,-0.023029880368828803,-3.7667999467708735,0.6113911196311712
2018-01-30 00:00:00,0.48964799999999997,0.036361728548049976,5.811881230492517,0.62564472854805
2018-01-31 00:00:00,0.539797,0.100865871503234,17.081033379701328,0.590513871503234
2018-02-01 00:00:00,0.456455,-0.044294232610583295,-8.939250298025552,0.4955027673894167
2018-02-02 00:00:00,0.405075,0.0707784639992714,13.424501446169437,0.5272334639992714
2018-02-03 00:00:00,0.43005600000000005,0.06171962001174691,13.222007573736333,0.46679462001174693
2018-02-04 00:00:00,0.377231,0.007314589689970008,1.6724009026658497,0.43737058968997006
2018-02-05 00:00:00,0.331192,0.07772645261108874,17.084334406437705,0.4549574526110887
2018-02-06 00:00:00,0.370811,0.10062298178195955,23.302336886673395,0.43181498178195954
2018-02-07 00:00:00,0.342125,0.024908002213954894,6.294365970448847,0.3957190022139549
2018-02-08 00:00:00,0.363565,0.07355104540359975,17.694318981548605,0.41567604540359976
2018-02-09 00:00:00,0.401068,0.03897146886074543,9.681475313539186,0.40253646886074546
2018-02-10 00:00:00,0.406856,-0.020297786359786962,-5.330718011195643,0.380770213640213
2018-02-11 00:00:00,0.37000500000000003,0.007135427307784548,1.7235688560477531,0.41399142730778454
2018-02-12 00:00:00,0.395649,0.03840468275308606,9.403470185672493,0.4084096827530861
2018-02-13 00:00:00,0.41061400000000003,-0.016927921808302382,-4.469759615474573,0.3787210781916976
2018-02-14 00:00:00,0.453888,-0.015249617442607888,-3.857104513048596,0.39536438255739215
2018-02-15 00:00:00,0.453556,-0.04912149267911914,-12.135760195242094,0.4047665073208809
2018-02-16 00:00:00,0.455446,-0.005239537100791947,-1.168713963102871,0.44831646289920807
2018-02-17 00:00:00,0.479075,-0.003621409583568602,-0.8015078551237931,0.4518245904164314
2018-02-18 00:00:00,0.450399,-0.02362400576174256,-5.18694789573437,0.4554509942382574
2018-02-19 00:00:00,0.45293199999999995,0.02437783828651907,5.134588783753494,0.47477683828651907
2018-02-20 00:00:00,0.402289,-0.001886603017330124,-0.4182734221324093,0.4510453969826698
2018-02-21 00:00:00,0.39676500000000003,0.04752012913990017,10.564509713434562,0.4498091291399002
2018-02-22 00:00:00,0.36644699999999997,0.007531613963842387,1.8628931590596909,0.4042966139638424
2018-02-23 00:00:00,0.38198499999999996,0.027421590630948567,6.962116625502225,0.39386859063094853
2018-02-24 00:00:00,0.355163,-0.007479015408992706,-1.9970349518340633,0.37450598459100726
2018-02-25 00:00:00,0.357302,0.032793780914306625,8.452946958942377,0.38795678091430663
2018-02-26 00:00:00,0.364579,0.014512457987785332,3.9031451510317785,0.37181445798778534
2018-02-27 00:00:00,0.362051,0.005536950060606005,1.496004173745913,0.370115950060606
2018-02-28 00:00:00,0.333916,0.016650870085298974,4.396828059377823,0.378701870085299
2018-03-01 00:00:00,0.339314,0.03896132863670587,10.448832804921178,0.37287732863670586
2018-03-02 00:00:00,0.32010700000000003,0.015782761936664558,4.444636963341161,0.35509676193666456
2018-03-03 00:00:00,0.350168,0.025597424858033624,7.404424999346021,0.34570442485803365
2018-03-04 00:00:00,0.36193000000000003,-0.018069304841041522,-5.4409442447199865,0.33209869515895846
2018-03-05 00:00:00,0.352031,-0.01601503824257855,-4.629761650439786,0.3459149617574215
2018-03-06 00:00:00,0.337911,0.006957282703757284,1.938025010554047,0.35898828270375727
2018-03-07 00:00:00,0.32910300000000003,0.012109876697063426,3.459758403937803,0.35002087669706344
2018-03-08 00:00:00,0.311938,0.011866481589555722,3.480218092902542,0.34096948158955576
2018-03-09 00:00:00,0.311859,0.020891091376841087,6.276822524863802,0.3328290913768411
2018-03-10 00:00:00,0.292661,0.007506138899087911,2.3503313245030415,0.3193651388990879
2018-03-11 00:00:00,0.304217,0.019785056803703294,6.3323112495330385,0.3124460568037033
2018-03-12 00:00:00,0.291765,-0.0036769877434968956,-1.2234603026364028,0.3005400122565031
2018-03-13 00:00:00,0.290193,0.011464887196719675,3.78092255440568,0.30322988719671967
2018-03-14 00:00:00,0.248689,0.009522508227825188,3.1771823500660394,0.29971550822782517
2018-03-15 00:00:00,0.240655,0.05071599750018124,16.93892818210242,0.29940499750018124
2018-03-16 00:00:00,0.22999099999999997,0.029445044738173443,10.901532714189866,0.27010004473817345
2018-03-17 00:00:00,0.206731,0.02710590974545482,10.543071004739692,0.2570969097454548
2018-03-18 00:00:00,0.220473,0.04103791931599382,16.56298111534152,0.24776891931599382
2018-03-19 00:00:00,0.250226,0.007270397691369057,3.1923637589800427,0.22774339769136906
2018-03-20 00:00:00,0.267968,-0.018653235907435423,-8.055021487751178,0.23157276409256458
2018-03-21 00:00:00,0.25463600000000003,-0.01920253212374448,-7.719130909799941,0.2487654678762555
2018-03-22 00:00:00,0.24321199999999998,0.012406658054709419,4.645946136503647,0.26704265805470945
2018-03-23 00:00:00,0.23614699999999997,0.014961989086449135,5.795312354816325,0.2581739890864491
2018-03-24 00:00:00,0.235422,0.014564727540373829,5.809352312020734,0.2507117275403738
2018-03-25 00:00:00,0.239952,0.0022645100116133743,0.9527297159198181,0.23768651001161337
2018-03-26 00:00:00,0.228861,-0.004649234849333744,-1.9758521946636718,0.23530276515066625
2018-03-27 00:00:00,0.216033,0.008152826035976363,3.439810315006199,0.23701382603597637
2018-03-28 00:00:00,0.21925100000000003,0.011712871466040609,5.142956660703781,0.2277458714660406
2018-03-29 00:00:00,0.19081900000000002,-0.001478782475471535,-0.6790501067037967,0.2177722175245285
2018-03-30 00:00:00,0.18873299999999998,0.03121279757261275,14.057805194503722,0.22203179757261277
2018-03-31 00:00:00,0.20677800000000002,0.01751067481994628,8.490284531263011,0.20624367481994627
2018-04-01 00:00:00,0.20658200000000002,-0.007748219308376297,-3.8929949485204784,0.19902978069162372
2018-04-02 00:00:00,0.22487800000000002,0.0003620736200809216,0.17496206281588708,0.20694407362008094
2018-04-03 00:00:00,0.23569099999999998,-0.015788450065493648,-7.551046941580343,0.20908954993450637
2018-04-04 00:00:00,0.20410799999999998,-0.013957973880648594,-6.294945829646275,0.2217330261193514
2018-04-05 00:00:00,0.19794,0.028353323332786562,12.197006764947545,0.23246132333278655
2018-04-06 00:00:00,0.19331700000000002,0.012259581199586395,5.832352818983884,0.2101995811995864
2018-04-07 00:00:00,0.20185899999999998,0.007012958228051647,3.50070368410312,0.20032995822805166
2018-04-08 00:00:00,0.206377,-0.005431987469375094,-2.765397385722696,0.1964270125306249
2018-04-09 00:00:00,0.19733299999999998,-0.007303742886781678,-3.6688719482938095,0.19907325711321833
2018-04-10 00:00:00,0.199344,0.006620411209225657,3.2460409315900622,0.20395341120922564
2018-04-11 00:00:00,0.212337,-0.00036784043133256117,-0.18486658508735468,0.19897615956866743
2018-04-12 00:00:00,0.24211999999999997,-0.013091392472147911,-6.570479838717596,0.1992456075278521
2018-04-13 00:00:00,0.24629,-0.03139158606219286,-14.896703048055754,0.2107284139378071
2018-04-14 00:00:00,0.250668,-0.011011569838047047,-4.680229220531299,0.23527843016195296
2018-04-15 00:00:00,0.290722,-0.007640802705287941,-3.1440113659468985,0.24302719729471206
2018-04-16 00:00:00,0.284156,-0.04289909581613538,-17.31038378289188,0.2478229041838646
2018-04-17 00:00:00,0.300202,0.002521642242431621,0.8796089652150726,0.28667764224243164
2018-04-18 00:00:00,0.351544,-0.01899660195398334,-6.755418667629814,0.2812053980460167
2018-04-19 00:00:00,0.36612,-0.05867758804130557,-20.035615436017085,0.29286641195869445
2018-04-20 00:00:00,0.391165,-0.009418983070373588,-2.640582062661139,0.3567010169296264
2018-04-21 00:00:00,0.375663,-0.015883964130401607,-4.232551771126778,0.3752810358695984
2018-04-22 00:00:00,0.368139,0.02624191202187537,6.529383253829712,0.4019049120218754
2018-04-23 00:00:00,0.372128,0.014457570415496779,3.7788029306681903,0.3825965704154968
2018-04-24 00:00:00,0.40066999999999997,-0.0008181842689514163,-0.22035083218593204,0.3713098157310486
2018-04-25 00:00:00,0.339517,-0.028996580356597856,-7.801628748275381,0.3716734196434021
2018-04-26 00:00:00,0.387556,0.05756473441743848,14.496948468781149,0.3970817344174385
2018-04-27 00:00:00,0.391085,-0.045300576458454145,-13.235897327703029,0.34225542354154587
2018-04-28 00:00:00,0.428918,-0.01372737332725521,-3.6377622597144366,0.3773576266727448
2018-04-29 00:00:00,0.458405,-0.04267998533153533,-11.050177276871768,0.3862380146684647
2018-04-30 00:00:00,0.424659,-0.03886848075389865,-9.264623929221829,0.41953651924610136
2018-05-01 00:00:00,0.439733,0.025374070734143217,5.638268026114226,0.4500330707341432
2018-05-02 00:00:00,0.43922700000000003,-0.013764273419141715,-3.231287312949945,0.42596872658085827
2018-05-03 00:00:00,0.437379,-0.007333386636972472,-1.6979613520722299,0.43189361336302756
2018-05-04 00:00:00,0.43113999999999997,-0.004459859519958476,-1.0301830302566823,0.43291914048004154
2018-05-05 00:00:00,0.430875,0.0032218126690387594,0.7417347876972818,0.4343618126690387
2018-05-06 00:00:00,0.412944,-0.0011545719243287733,-0.26867978548263477,0.42972042807567123
2018-05-07 00:00:00,0.395702,0.015025228921890288,3.5108199156609414,0.42796922892189027
2018-05-08 00:00:00,0.386371,0.017692530383348504,4.27981724067367,0.4133945303833485
2018-05-09 00:00:00,0.37797,0.014366450593948366,3.5850032415625983,0.4007374505939484
2018-05-10 00:00:00,0.353962,0.017821186000704814,4.50267379139491,0.3957911860007048
2018-05-11 00:00:00,0.314252,0.029075233364343644,7.590706811702399,0.38303723336434364
2018-05-12 00:00:00,0.359937,0.053859620143413556,14.63132843305252,0.36811162014341353
2018-05-13 00:00:00,0.375852,-0.021930610185027122,-6.488223550161905,0.3380063898149729
2018-05-14 00:00:00,0.36968,-0.013790247889101492,-3.8088110132322335,0.3620617521108985
2018-05-15 00:00:00,0.348445,0.007754401165246949,2.054503018619107,0.37743440116524696
2018-05-16 00:00:00,0.334677,0.028074368790090065,7.456288073653273,0.37651936879009007
2018-05-17 00:00:00,0.31349699999999997,0.024524545294761613,6.827516645185007,0.3592015452947616
2018-05-18 00:00:00,0.319488,0.030139287498712586,8.770694072530247,0.34363628749871256
2018-05-19 00:00:00,0.317234,0.006318830073297033,1.9394406409084426,0.325806830073297
2018-05-20 00:00:00,0.33281,0.00797563137447832,2.4524585390567335,0.32520963137447834
2018-05-21 00:00:00,0.31811500000000004,-0.012345281717777268,-3.852306046029437,0.3204647182822227
2018-05-22 00:00:00,0.301084,0.010223932041645012,3.1138348346544094,0.32833893204164505
2018-05-23 00:00:00,0.280355,0.022788472038328622,7.036248525509671,0.32387247203832864
2018-05-24 00:00:00,0.291338,0.032661412314414995,10.434408877451336,0.313016412314415
2018-05-25 00:00:00,0.288069,0.004392364961624151,1.4852600483532128,0.29573036496162414
2018-05-26 00:00:00,0.284695,0.007843602790296056,2.6506484402269845,0.2959126027902961
2018-05-27 00:00:00,0.276376,0.007879828350782436,2.6932694091287037,0.2925748283507824
2018-05-28 00:00:00,0.25358200000000003,0.010631862934947,3.7043803700098668,0.287007862934947
2018-05-29 00:00:00,0.28284499999999996,0.027751964843749977,9.864420337289575,0.28133396484375
2018-05-30 00:00:00,0.27774699999999997,-0.01892986669468877,-7.172709824407714,0.2639151333053112
2018-05-31 00:00:00,0.29665199999999997,0.005643682142376927,1.9914847233902748,0.2833906821423769
2018-06-01 00:00:00,0.290022,-0.01577734500956529,-5.617219186295964,0.2808746549904347
2018-06-02 00:00:00,0.298413,0.002018685119152097,0.6912342087981601,0.2920406851191521
2018-06-03 00:00:00,0.302912,-0.009998812419652892,-3.466824050348563,0.2884141875803471
2018-06-04 00:00:00,0.292158,-0.007429367869853987,-2.5143162616006833,0.29548263213014603
2018-06-05 00:00:00,0.294313,0.007498927281618162,2.502504230302894,0.29965692728161814
2018-06-06 00:00:00,0.298269,-0.0027942997996807106,-0.9585319218837716,0.2915187002003193
2018-06-07 00:00:00,0.29420599999999997,-0.006666833838462838,-2.2862771995903657,0.29160216616153717
2018-06-08 00:00:00,0.287963,0.0004216866526604579,0.14312526343038107,0.2946276866526604
2018-06-09 00:00:00,0.281894,0.004980601446151645,1.7001912387108988,0.29294360144615167
2018-06-10 00:00:00,0.247658,0.005264325248241386,1.8332483460789462,0.28715832524824136
2018-06-11 00:00:00,0.25648200000000004,0.03580306662750243,12.630682249760747,0.2834610666275024
2018-06-12 00:00:00,0.23168899999999998,1.4185771465280439e-05,0.005530597432711835,0.2564961857714653
2018-06-13 00:00:00,0.221691,0.02820027948641779,10.850882168801265,0.25988927948641777
2018-06-14 00:00:00,0.24242600000000003,0.02284863930892947,9.343531941692508,0.24453963930892947
2018-06-15 00:00:00,0.234242,-0.009292925432801302,-3.9861034089878533,0.23313307456719873
2018-06-16 00:00:00,0.234041,0.010896381381571285,4.444991975618241,0.2451383813815713
2018-06-17 00:00:00,0.232105,0.009247937009334573,3.8012155928733184,0.24328893700933457
2018-06-18 00:00:00,0.234371,0.009705264204025232,4.013586534869547,0.24181026420402524
2018-06-19 00:00:00,0.23530900000000002,0.0048931524251699665,2.045083801970838,0.23926415242516996
2018-06-20 00:00:00,0.232188,0.0039339132490157636,1.6443175664397438,0.23924291324901578
2018-06-21 00:00:00,0.22799699999999998,0.0034088696876764246,1.4469078864228795,0.23559686968767643
2018-06-22 00:00:00,0.203407,0.006319091861844123,2.6968236844654885,0.2343160918618441
2018-06-23 00:00:00,0.203515,0.02475253413140771,10.848783604699847,0.22815953413140772
2018-06-24 00:00:00,0.193633,0.004361275321245195,2.098014943987919,0.2078762753212452
2018-06-25 00:00:00,0.19775299999999998,0.01457951245760919,7.002226852518044,0.2082125124576092
2018-06-26 00:00:00,0.18648399999999998,0.0014963876129389098,0.7510124025303339,0.1992493876129389
2018-06-27 00:00:00,0.189633,0.014516826361954227,7.222271980023062,0.2010008263619542
2018-06-28 00:00:00,0.178951,0.00398520604801178,2.0582806386624424,0.19361820604801178
2018-06-29 00:00:00,0.18671,0.01569301346617938,8.062417737243246,0.19464401346617938
2018-06-30 00:00:00,0.193425,0.001390033135414137,0.738986119376941,0.18810003313541412
2018-07-01 00:00:00,0.198573,-0.0023440157854557053,-1.2267132677231043,0.1910809842145443
2018-07-02 00:00:00,0.21315100000000003,-0.003063802036464225,-1.567088437975001,0.19550919796353577
2018-07-03 00:00:00,0.206315,-0.015782638038098845,-7.996539000078154,0.1973683619619012
2018-07-04 00:00:00,0.209735,0.0028848333257436853,1.3789845239750886,0.20919983332574368
2018-07-05 00:00:00,0.202978,-0.004128832147598266,-2.0081265998606743,0.20560616785240174
2018-07-06 00:00:00,0.20638099999999998,0.004908045854568471,2.3609308813358303,0.20788604585456846
2018-07-07 00:00:00,0.20845,-0.004409745989322672,-2.1833532751594187,0.2019712540106773
2018-07-08 00:00:00,0.209783,-0.004436160821080198,-2.174441125628587,0.2040138391789198
2018-07-09 00:00:00,0.207929,-0.0038832458068132347,-1.8859885588643075,0.20589975419318676
2018-07-10 00:00:00,0.191889,-0.0003623692955971036,-0.17457974548575503,0.2075666307044029
2018-07-11 00:00:00,0.189504,0.014686701552629494,7.1095978095409,0.2065757015526295
2018-07-12 00:00:00,0.185719,0.0044998677021861055,2.319473191685961,0.1940038677021861
2018-07-13 00:00:00,0.204272,0.006439342479109794,3.3510605868229937,0.1921583424791098
2018-07-14 00:00:00,0.207877,-0.016442300704240798,-8.753834332849847,0.1878296992957592
2018-07-15 00:00:00,0.219871,-0.00709862054836749,-3.5355502757594213,0.20077837945163252
2018-07-16 00:00:00,0.23792800000000003,-0.014105255196809802,-6.855006507667798,0.2057657448031902
2018-07-17 00:00:00,0.252967,-0.021732582382798238,-10.052286316853491,0.2161954176172018
2018-07-18 00:00:00,0.2984,-0.0202757586939335,-8.713589123564871,0.2326912413060665
2018-07-19 00:00:00,0.30251300000000003,-0.049999369125127785,-20.128519379773298,0.2484006308748722
2018-07-20 00:00:00,0.271492,-0.010305067465186168,-3.5266213944956526,0.29220793253481386
2018-07-21 00:00:00,0.292259,0.029808853115320222,9.893384903198779,0.30130085311532023
2018-07-22 00:00:00,0.283534,-0.025284611557006842,-9.470800440621984,0.26697438844299315
2018-07-23 00:00:00,0.284384,0.004141193296194057,1.4395378512634667,0.28767519329619406
2018-07-24 00:00:00,0.301456,-0.0020477395954132116,-0.7252839548412267,0.2823362604045868
2018-07-25 00:00:00,0.331706,-0.020191297572851152,-7.178752754473681,0.28126470242714885
2018-07-26 00:00:00,0.309552,-0.03458653288066388,-11.640614873199278,0.2971194671193361
2018-07-27 00:00:00,0.316882,0.016256284793853826,4.989524684474963,0.3258082847938538
2018-07-28 00:00:00,0.315229,-0.009934313401103012,-3.236484207188259,0.306947686598897
2018-07-29 00:00:00,0.308399,-0.0009057756462096944,-0.2881669491880077,0.3143232243537903
2018-07-30 00:00:00,0.295923,0.005579883052110712,1.7771523351730076,0.3139788830521107
2018-07-31 00:00:00,0.278009,0.011021997211933143,3.5908704530287223,0.30694499721193313
2018-08-01 00:00:00,0.27626799999999996,0.018340806842207902,6.18890460487916,0.2963498068422079
2018-08-02 00:00:00,0.261192,0.003489149959921889,1.247206714974665,0.27975714995992185
2018-08-03 00:00:00,0.258956,0.01497831202316291,5.423577905038052,0.2761703120231629
2018-08-04 00:00:00,0.24072399999999997,0.008290458168029757,3.102177003527274,0.2672464581680298
2018-08-05 00:00:00,0.244218,0.028111680869221695,10.456826556031809,0.26883568086922166
2018-08-06 00:00:00,0.23470500000000002,0.008203802181243891,3.250037084892294,0.2524218021812439
2018-08-07 00:00:00,0.230672,0.019135840482950167,7.538519194367177,0.2538408404829502
2018-08-08 00:00:00,0.201351,0.016701115783989418,6.751386758847768,0.2473731157839894
2018-08-09 00:00:00,0.221435,0.040733712216138834,16.826222458760977,0.24208471221613884
2018-08-10 00:00:00,0.22543000000000002,-0.0007139965211153121,-0.32348372373344014,0.22072100347888468
2018-08-11 00:00:00,0.217665,0.00045799622529743567,0.20275368012058365,0.22588799622529745
2018-08-12 00:00:00,0.22360100000000002,0.011940343205451925,5.200376889647403,0.22960534320545192
2018-08-13 00:00:00,0.223559,-0.00023874208450322398,-0.10688559774209738,0.2233622579154968
2018-08-14 00:00:00,0.21670599999999998,0.0029407862801551776,1.2983616136916571,0.22649978628015519
2018-08-15 00:00:00,0.216954,0.007231573268175112,3.229280894061929,0.2239375732681751
2018-08-16 00:00:00,0.21603200000000003,0.002546478328585622,1.1601242730658747,0.21950047832858563
2018-08-17 00:00:00,0.23811999999999997,0.0014856022005081126,0.6829802211311072,0.21751760220050814
2018-08-18 00:00:00,0.224235,-0.021245203301429733,-9.796068342121837,0.21687479669857024
2018-08-19 00:00:00,0.222723,0.008102244188189528,3.487277391319507,0.23233724418818952
2018-08-20 00:00:00,0.216457,0.002228094923019397,0.9904796968344938,0.2249510949230194
2018-08-21 00:00:00,0.21470799999999998,0.006452884406924264,2.894839959247593,0.22290988440692427
2018-08-22 00:00:00,0.206896,0.002145758445680157,0.9894956218698187,0.21685375844568014
2018-08-23 00:00:00,0.222162,0.008177018034994626,3.8019729809455414,0.21507301803499462
2018-08-24 00:00:00,0.219806,-0.013066322876989833,-6.248968441993647,0.20909567712301017
2018-08-25 00:00:00,0.217795,-0.0009917646462917484,-0.4532450298256799,0.21881423535370825
2018-08-26 00:00:00,0.21484,0.001389600313901923,0.6339862891424981,0.2191846003139019
2018-08-27 00:00:00,0.225437,0.002641740577697782,1.2146953443909883,0.21748174057769779
2018-08-28 00:00:00,0.23474499999999998,-0.008158739268302934,-3.7549726515795503,0.21727826073169706
2018-08-29 00:00:00,0.22621100000000002,-0.011701810320913775,-5.246432467967437,0.2230431896790862
2018-08-30 00:00:00,0.220902,0.005189177425384495,2.2425122932577506,0.23140017742538452
2018-08-31 00:00:00,0.22207600000000002,0.004885070686697995,2.1635741461372326,0.22578707068669798
2018-09-01 00:00:00,0.22972199999999998,-0.0015855862855911618,-0.7191180146475207,0.22049041371440886
2018-09-02 00:00:00,0.224744,-0.009604015010833716,-4.36312144657621,0.22011798498916627
2018-09-03 00:00:00,0.225325,0.002226976684093468,0.9811724461991701,0.22697097668409347
2018-09-04 00:00:00,0.23126799999999997,-0.0012012047116756464,-0.5359559033570509,0.22412379528832435
2018-09-05 00:00:00,0.20743699999999998,-0.00761614633786678,-3.40535802103047,0.2236518536621332
2018-09-06 00:00:00,0.207484,0.02077031432914736,9.101511224653377,0.22820731432914734
2018-09-07 00:00:00,0.20766199999999999,0.003803983671307548,1.8003786136864541,0.21128798367130755
2018-09-08 00:00:00,0.194437,0.00237692803966999,1.1316607173033468,0.21003892803966998
2018-09-09 00:00:00,0.192781,0.01424607547545434,6.826655895786808,0.20868307547545434
2018-09-10 00:00:00,0.190839,0.0057936609311103615,2.9176234792214006,0.19857466093111037
2018-09-11 00:00:00,0.201071,0.00504425599002839,2.5751338288379135,0.1958832559900284
2018-09-12 00:00:00,0.198293,-0.0056476126089096135,-2.889936913030449,0.1954233873910904
2018-09-13 00:00:00,0.207806,0.002562187150955214,1.2756390249605905,0.2008551871509552
2018-09-14 00:00:00,0.201743,-0.007382657718420033,-3.683531885247151,0.20042334228157996
2018-09-15 00:00:00,0.203202,0.006498987824916813,3.1208825332482677,0.20824198782491682
2018-09-16 00:00:00,0.20651,-0.0006817512309551244,-0.33663361323074265,0.20252024876904487
2018-09-17 00:00:00,0.196827,-0.0034569636876582988,-1.7024929793912087,0.2030530363123417
2018-09-18 00:00:00,0.20841700000000002,0.0086895500370264,4.228150986118085,0.2055165500370264
2018-09-19 00:00:00,0.20656300000000002,-0.011105795260190982,-5.6285679644174325,0.19731120473980904
2018-09-20 00:00:00,0.231897,-0.0015942426445484381,-0.7777978776461737,0.2049687573554516
2018-09-21 00:00:00,0.24921100000000002,-0.026967217517495146,-13.159247616825716,0.20492978248250485
2018-09-22 00:00:00,0.239225,-0.02339100376021863,-10.358251771194555,0.22581999623978138
2018-09-23 00:00:00,0.281478,0.005317128187179582,2.1743199123178067,0.24454212818717957
2018-09-24 00:00:00,0.259048,-0.043682253254652054,-18.36965288594112,0.23779574674534795
2018-09-25 00:00:00,0.252306,0.014891585491418835,5.436083822900183,0.27393958549141884
2018-09-26 00:00:00,0.244767,0.0003126803419590263,0.12377562163485471,0.252618680341959
2018-09-27 00:00:00,0.259216,0.0025044990067481787,1.0128538941238145,0.2472714990067482
2018-09-28 00:00:00,0.254127,-0.018509779249787334,-7.689780177719391,0.24070622075021267
2018-09-29 00:00:00,0.25390799999999997,-0.0004446514506339927,-0.1752788292826233,0.253682348549366
2018-09-30 00:00:00,0.25959899999999997,-0.0025936905161141888,-1.0320504715552201,0.2513143094838858
2018-10-01 00:00:00,0.258404,-0.007589572411537127,-3.011622415940356,0.25200942758846284
2018-10-02 00:00:00,0.248286,-0.0009023438435792897,-0.350422539818989,0.25750165615642073
2018-10-03 00:00:00,0.24113600000000002,0.008100153438687308,3.1593568256502564,0.2563861534386873
2018-10-04 00:00:00,0.24427800000000002,0.011920218409061434,4.710502071042801,0.25305621840906145
2018-10-05 00:00:00,0.24519200000000002,-0.0006818745226860323,-0.27992010191046124,0.243596125477314
2018-10-06 00:00:00,0.239771,-0.001146708200931601,-0.4698751582045388,0.24404529179906842
2018-10-07 00:00:00,0.24513800000000002,0.0045454839572906525,1.8604900838722187,0.24431648395729066
2018-10-08 00:00:00,0.249009,-0.0031936717462539843,-1.320002733399284,0.24194432825374604
2018-10-09 00:00:00,0.24391500000000002,-0.004469176255702978,-1.8275862750175897,0.24453982374429703
2018-10-10 00:00:00,0.24159299999999997,0.003978664789438202,1.6049884908586487,0.24789366478943822
2018-10-11 00:00:00,0.207037,0.0038214809659123383,1.5571538202927544,0.2454144809659123
2018-10-12 00:00:00,0.21603200000000003,0.0359642282779217,14.80001913273839,0.2430012282779217
2018-10-13 00:00:00,0.21481,-0.0006082128379345242,-0.28233318425367737,0.2154237871620655
2018-10-14 00:00:00,0.210144,0.0024231286201477076,1.1154507765639987,0.2172331286201477
2018-10-15 00:00:00,0.22300100000000003,0.007104856979370133,3.2703771509577186,0.21724885697937013
2018-10-16 00:00:00,0.22797800000000001,-0.008606922591209432,-4.01453374796282,0.2143940774087906
2018-10-17 00:00:00,0.24040300000000003,-0.006850573747575278,-3.0980208396922717,0.22112742625242474
2018-10-18 00:00:00,0.239452,-0.012450432691693325,-5.4618523663539476,0.2279525673083067
2018-10-19 00:00:00,0.242853,-0.0016671695613264814,-0.7011252813103471,0.23778483043867352
2018-10-20 00:00:00,0.244182,-0.004156146550655354,-1.7411819597099782,0.23869685344934466
2018-10-21 00:00:00,0.24172399999999997,-0.0027636295875907435,-1.1447470144337817,0.24141837041240927
2018-10-22 00:00:00,0.24236100000000002,0.00035440951108936525,0.14640277578043578,0.24207840951108933
2018-10-23 00:00:00,0.242215,-0.0026087419853210447,-1.0880990264380839,0.23975225801467898
2018-10-24 00:00:00,0.23776,-0.002241197377443327,-0.9339341848778382,0.2399738026225567
2018-10-25 00:00:00,0.235646,0.0018974724044799884,0.7917434768224312,0.23965747240448
2018-10-26 00:00:00,0.23401100000000002,0.001199705318808586,0.5065345462750572,0.23684570531880858
2018-10-27 00:00:00,0.22876,0.0004482480683326573,0.19118378653249637,0.23445924806833268
2018-10-28 00:00:00,0.232871,0.005460522574305571,2.3313595727177328,0.23422052257430556
2018-10-29 00:00:00,0.22235700000000003,-0.003057971415758143,-1.3306344877819631,0.22981302858424185
2018-10-30 00:00:00,0.225093,0.01001839659136533,4.311298329479686,0.23237539659136536
2018-10-31 00:00:00,0.223471,0.00020675689387322782,0.09176969239723594,0.22529975689387322
2018-11-01 00:00:00,0.22294499999999998,0.0021773723051547733,0.964940399485892,0.22564837230515478
2018-11-02 00:00:00,0.234244,0.0017329178786874289,0.7712898067815905,0.2246779178786874
2018-11-03 00:00:00,0.235706,-0.010035692786216743,-4.476057515856306,0.22420830721378326
2018-11-04 00:00:00,0.24163800000000002,-0.003971070056915271,-1.7136260199921463,0.23173492994308473
2018-11-05 00:00:00,0.246529,-0.007399509187459963,-3.1589638243450584,0.23423849081254006
2018-11-06 00:00:00,0.265596,-0.007650990938663449,-3.2028862634646744,0.23887800906133655
2018-11-07 00:00:00,0.256718,-0.02216576930618286,-9.10559433929249,0.24343023069381714
2018-11-08 00:00:00,0.25604299999999997,0.0025929636846780957,0.9999437153884235,0.2593109636846781
2018-11-09 00:00:00,0.255542,-0.0015012028270959266,-0.5897667274173428,0.25454179717290404
2018-11-10 00:00:00,0.26123,-0.002822366354703898,-1.1167974225007076,0.2527196336452961
2018-11-11 00:00:00,0.27360500000000004,-0.009115919734716427,-3.6157915992333014,0.2521140802652836
2018-11-12 00:00:00,0.267326,-0.016535648692250327,-6.432368778359241,0.2570693513077497
2018-11-13 00:00:00,0.257787,0.0011050646510123996,0.41167539697728195,0.2684310646510124
2018-11-14 00:00:00,0.23304299999999997,0.00665439047622679,2.5163952073626,0.2644413904762268
2018-11-15 00:00:00,0.241944,0.02360597516655924,9.1977671647586,0.2566489751665592
2018-11-16 00:00:00,0.23885,-0.006074299447834497,-2.5752775509591537,0.2358697005521655
2018-11-17 00:00:00,0.244927,0.00365285414123534,1.5063138758391241,0.24250285414123535
2018-11-18 00:00:00,0.24975799999999998,-0.0054544067714214495,-2.277674742602037,0.23947259322857856
2018-11-19 00:00:00,0.224412,-0.005709293380856517,-2.3394073502574644,0.24404870661914346
2018-11-20 00:00:00,0.193193,0.02379593087947368,9.587095301571429,0.24820793087947368
2018-11-21 00:00:00,0.203688,0.03693331097137928,16.049147451015568,0.23012631097137928
2018-11-22 00:00:00,0.187797,0.006210860291242626,2.9589776155167407,0.20989886029124263
2018-11-23 00:00:00,0.18121099999999998,0.024153778169989593,11.395937480643589,0.21195077816998958
2018-11-24 00:00:00,0.154205,0.01935804097425939,9.651559822108219,0.20056904097425937
2018-11-25 00:00:00,0.159607,0.034809747446238964,18.41641878030698,0.18901474744623897
2018-11-26 00:00:00,0.144795,0.013875214017868037,7.998061413050067,0.17348221401786804
2018-11-27 00:00:00,0.144374,0.02752706983864306,15.974198699225548,0.17232206983864307
2018-11-28 00:00:00,0.162237,0.02173080677777528,13.082587553801512,0.16610480677777528
2018-11-29 00:00:00,0.16508,0.0034068874931335313,2.0567541276008496,0.16564388749313352
2018-11-30 00:00:00,0.15863,0.0034067135033607476,2.021947863142808,0.16848671350336075
2018-12-01 00:00:00,0.16633199999999998,0.008341703219950203,4.995878378842287,0.1669717032199502
2018-12-02 00:00:00,0.160301,-0.0010671819491386014,-0.6457405524811511,0.16526481805086138
2018-12-03 00:00:00,0.149536,0.006929577324509606,4.143726246344779,0.1672305773245096
2018-12-04 00:00:00,0.147653,0.013443833313465103,8.2487710535377,0.1629798333134651
2018-12-05 00:00:00,0.135936,0.003383940102875238,2.2404718346189663,0.15103694010287524
2018-12-06 00:00:00,0.119594,0.012932841699481001,8.687406680834066,0.148868841699481
2018-12-07 00:00:00,0.115263,0.01832162153369188,13.284660091399456,0.13791562153369188
2018-12-08 00:00:00,0.118993,0.008624320367813104,6.961422962582513,0.12388732036781311
2018-12-09 00:00:00,0.124328,0.004050851695716368,3.2922016337183577,0.12304385169571637
2018-12-10 00:00:00,0.118253,0.0011837376971244873,0.9431290800713751,0.12551173769712448
2018-12-11 00:00:00,0.11283499999999999,0.009322606019496915,7.307514587132101,0.1275756060194969
2018-12-12 00:00:00,0.11369000000000001,0.014250192437648773,11.213102143776728,0.12708519243764876
2018-12-13 00:00:00,0.1058,0.006613582457184783,5.497411067985869,0.1203035824571848
2018-12-14 00:00:00,0.09774,0.013499482774734492,11.31562556748439,0.1192994827747345
2018-12-15 00:00:00,0.095439,0.016113685892105115,14.152976924590263,0.11385368589210511
2018-12-16 00:00:00,0.096278,0.00933034812927247,8.90560864973596,0.10476934812927247
2018-12-17 00:00:00,0.10969300000000001,0.00260156937658787,2.631048449128718,0.09887956937658787
2018-12-18 00:00:00,0.11433,-0.011449083871066579,-11.653733200171928,0.09824391612893343
2018-12-19 00:00:00,0.114245,-0.006397255887866021,-5.927076106968757,0.10793274411213398
2018-12-20 00:00:00,0.12655,-0.0003550597329139704,-0.31175688746636565,0.11388994026708603
2018-12-21 09:26:50,,-0.01245436727339029,-10.915726549527822,0.1140956327266097
